DateTime,S&P 500 PE Ratio
1871-01-01 00:00:58,11.1
1871-02-01 00:00:58,11.25
1871-03-01 00:00:58,11.52
1871-04-01 00:00:58,11.85
1871-05-01 00:00:58,12.15
1871-06-01 00:00:58,12.05
1871-07-01 00:00:58,11.82
1871-08-01 00:00:58,11.98
1871-09-01 00:00:58,12.1
1871-10-01 00:00:58,11.48
1871-11-01 00:00:58,11.6
1871-12-01 00:00:58,11.85
1872-01-01 00:00:58,12.07
1872-02-01 00:00:58,12.05
1872-03-01 00:00:58,12.37
1872-04-01 00:00:58,12.63
1872-05-01 00:00:58,12.56
1872-06-01 00:00:58,12.36
1872-07-01 00:00:58,12.22
1872-08-01 00:00:58,12
1872-09-01 00:00:58,11.72
1872-10-01 00:00:58,11.69
1872-11-01 00:00:58,11.58
1872-12-01 00:00:58,11.79
1873-01-01 00:00:58,11.82
1873-02-01 00:00:58,11.84
1873-03-01 00:00:58,11.68
1873-04-01 00:00:58,11.45
1873-05-01 00:00:58,11.41
1873-06-01 00:00:58,11.19
1873-07-01 00:00:58,11.11
1873-08-01 00:00:58,11.04
1873-09-01 00:00:58,10.14
1873-10-01 00:00:58,9.21
1873-11-01 00:00:58,8.83
1873-12-01 00:00:58,9.61
1874-01-01 00:00:58,10.13
1874-02-01 00:00:58,10.43
1874-03-01 00:00:58,10.28
1874-04-01 00:00:58,10
1874-05-01 00:00:58,9.74
1874-06-01 00:00:58,9.7
1874-07-01 00:00:58,9.7
1874-08-01 00:00:58,9.72
1874-09-01 00:00:58,9.87
1874-10-01 00:00:58,9.85
1874-11-01 00:00:58,9.93
1874-12-01 00:00:58,9.87
1875-01-01 00:00:58,10.05
1875-02-01 00:00:58,10.22
1875-03-01 00:00:58,10.55
1875-04-01 00:00:58,10.9
1875-05-01 00:00:58,10.69
1875-06-01 00:00:58,10.68
1875-07-01 00:00:58,10.93
1875-08-01 00:00:58,11.21
1875-09-01 00:00:58,11.35
1875-10-01 00:00:58,11.41
1875-11-01 00:00:58,11.87
1875-12-01 00:00:58,12.14
1876-01-01 00:00:58,12.62
1876-02-01 00:00:58,13.04
1876-03-01 00:00:58,13.26
1876-04-01 00:00:58,13.02
1876-05-01 00:00:58,12.79
1876-06-01 00:00:58,12.97
1876-07-01 00:00:58,13.09
1876-08-01 00:00:58,12.81
1876-09-01 00:00:58,12.3
1876-10-01 00:00:58,12.51
1876-11-01 00:00:58,12.56
1876-12-01 00:00:58,12.79
1877-01-01 00:00:58,12.6
1877-02-01 00:00:58,11.79
1877-03-01 00:00:58,11.12
1877-04-01 00:00:58,10.25
1877-05-01 00:00:58,10.2
1877-06-01 00:00:58,9.41
1877-07-01 00:00:58,9.77
1877-08-01 00:00:58,10.4
1877-09-01 00:00:58,10.98
1877-10-01 00:00:58,11.16
1877-11-01 00:00:58,10.93
1877-12-01 00:00:58,10.83
1878-01-01 00:00:58,10.8
1878-02-01 00:00:58,10.54
1878-03-01 00:00:58,10.71
1878-04-01 00:00:58,10.98
1878-05-01 00:00:58,10.98
1878-06-01 00:00:58,11.18
1878-07-01 00:00:58,11.38
1878-08-01 00:00:58,11.25
1878-09-01 00:00:58,11.45
1878-10-01 00:00:58,11.29
1878-11-01 00:00:58,11.22
1878-12-01 00:00:58,11.13
1879-01-01 00:00:58,11.34
1879-02-01 00:00:58,11.53
1879-03-01 00:00:58,11.15
1879-04-01 00:00:58,11.31
1879-05-01 00:00:58,11.62
1879-06-01 00:00:58,11.48
1879-07-01 00:00:58,11.52
1879-08-01 00:00:58,11.41
1879-09-01 00:00:58,11.64
1879-10-01 00:00:58,12.71
1879-11-01 00:00:58,13.17
1879-12-01 00:00:58,12.95
1880-01-01 00:00:58,13.13
1880-02-01 00:00:58,13.06
1880-03-01 00:00:58,13.01
1880-04-01 00:00:58,12.43
1880-05-01 00:00:58,11.2
1880-06-01 00:00:58,11.01
1880-07-01 00:00:58,11.28
1880-08-01 00:00:58,11.45
1880-09-01 00:00:58,11.2
1880-10-01 00:00:58,11.3
1880-11-01 00:00:58,11.67
1880-12-01 00:00:58,11.92
1881-01-01 00:00:58,12.74
1881-02-01 00:00:58,12.81
1881-03-01 00:00:58,13.07
1881-04-01 00:00:58,13.14
1881-05-01 00:00:58,13.85
1881-06-01 00:00:58,14.15
1881-07-01 00:00:58,13.78
1881-08-01 00:00:58,13.58
1881-09-01 00:00:58,13.81
1881-10-01 00:00:58,13.72
1881-11-01 00:00:58,13.94
1881-12-01 00:00:58,13.66
1882-01-01 00:00:58,13.48
1882-02-01 00:00:58,13.21
1882-03-01 00:00:58,13.21
1882-04-01 00:00:58,13.24
1882-05-01 00:00:58,13.1
1882-06-01 00:00:58,13.06
1882-07-01 00:00:58,13.82
1882-08-01 00:00:58,14.26
1882-09-01 00:00:58,14.43
1882-10-01 00:00:58,14.06
1882-11-01 00:00:58,13.49
1882-12-01 00:00:58,13.58
1883-01-01 00:00:58,13.59
1883-02-01 00:00:58,13.36
1883-03-01 00:00:58,13.61
1883-04-01 00:00:58,13.98
1883-05-01 00:00:58,13.82
1883-06-01 00:00:58,14.02
1883-07-01 00:00:58,13.89
1883-08-01 00:00:58,13.34
1883-09-01 00:00:58,13.57
1883-10-01 00:00:58,13.28
1883-11-01 00:00:58,13.57
1883-12-01 00:00:00,13.35
1884-01-01 00:00:00,13.2
1884-02-01 00:00:00,13.82
1884-03-01 00:00:00,14.04
1884-04-01 00:00:00,13.68
1884-05-01 00:00:00,12.83
1884-06-01 00:00:00,12.56
1884-07-01 00:00:00,12.83
1884-08-01 00:00:00,13.94
1884-09-01 00:00:00,13.8
1884-10-01 00:00:00,13.66
1884-11-01 00:00:00,13.7
1884-12-01 00:00:00,14
1885-01-01 00:00:00,13.82
1885-02-01 00:00:00,14.41
1885-03-01 00:00:00,14.6
1885-04-01 00:00:00,14.73
1885-05-01 00:00:00,14.73
1885-06-01 00:00:00,14.83
1885-07-01 00:00:00,15.56
1885-08-01 00:00:00,16.63
1885-09-01 00:00:00,16.61
1885-10-01 00:00:00,17.78
1885-11-01 00:00:00,19.17
1885-12-01 00:00:00,19.26
1886-01-01 00:00:00,18.91
1886-02-01 00:00:00,18.93
1886-03-01 00:00:00,18.21
1886-04-01 00:00:00,17.66
1886-05-01 00:00:00,17.02
1886-06-01 00:00:00,17.5
1886-07-01 00:00:00,17.48
1886-08-01 00:00:00,17.32
1886-09-01 00:00:00,17.49
1886-10-01 00:00:00,17.66
1886-11-01 00:00:00,17.82
1886-12-01 00:00:00,17.09
1887-01-01 00:00:00,16.78
1887-02-01 00:00:00,16.54
1887-03-01 00:00:00,16.8
1887-04-01 00:00:00,17.06
1887-05-01 00:00:00,17.23
1887-06-01 00:00:00,16.61
1887-07-01 00:00:00,16.09
1887-08-01 00:00:00,15.57
1887-09-01 00:00:00,15.26
1887-10-01 00:00:00,14.65
1887-11-01 00:00:00,14.83
1887-12-01 00:00:00,14.64
1888-01-01 00:00:00,15.1
1888-02-01 00:00:00,15.38
1888-03-01 00:00:00,15.16
1888-04-01 00:00:00,15.61
1888-05-01 00:00:00,16.24
1888-06-01 00:00:00,16.16
1888-07-01 00:00:00,17.04
1888-08-01 00:00:00,17.9
1888-09-01 00:00:00,18.88
1888-10-01 00:00:00,19.34
1888-11-01 00:00:00,19.53
1888-12-01 00:00:00,19.77
1889-01-01 00:00:00,19.9
1889-02-01 00:00:00,19.87
1889-03-01 00:00:00,19.22
1889-04-01 00:00:00,18.95
1889-05-01 00:00:00,19.23
1889-06-01 00:00:00,19.32
1889-07-01 00:00:00,18.71
1889-08-01 00:00:00,18.73
1889-09-01 00:00:00,18.97
1889-10-01 00:00:00,18.41
1889-11-01 00:00:00,18.03
1889-12-01 00:00:00,17.73
1890-01-01 00:00:00,17.98
1890-02-01 00:00:00,17.83
1890-03-01 00:00:00,17.75
1890-04-01 00:00:00,18.17
1890-05-01 00:00:00,19
1890-06-01 00:00:00,18.92
1890-07-01 00:00:00,18.83
1890-08-01 00:00:00,18.45
1890-09-01 00:00:00,18.19
1890-10-01 00:00:00,17.42
1890-11-01 00:00:00,16.2
1890-12-01 00:00:00,15.86
1891-01-01 00:00:00,16.45
1891-02-01 00:00:00,16.43
1891-03-01 00:00:00,15.9
1891-04-01 00:00:00,16.2
1891-05-01 00:00:00,15.93
1891-06-01 00:00:00,15.4
1891-07-01 00:00:00,14.94
1891-08-01 00:00:00,15.25
1891-09-01 00:00:00,16.27
1891-10-01 00:00:00,16.07
1891-11-01 00:00:00,15.63
1891-12-01 00:00:00,15.91
1892-01-01 00:00:00,16.09
1892-02-01 00:00:00,16
1892-03-01 00:00:00,16.06
1892-04-01 00:00:00,15.91
1892-05-01 00:00:00,15.8
1892-06-01 00:00:00,15.61
1892-07-01 00:00:00,15.5
1892-08-01 00:00:00,15.61
1892-09-01 00:00:00,15.12
1892-10-01 00:00:00,15.32
1892-11-01 00:00:00,15.16
1892-12-01 00:00:00,14.89
1893-01-01 00:00:00,15.55
1893-02-01 00:00:00,15.67
1893-03-01 00:00:00,15.5
1893-04-01 00:00:00,15.93
1893-05-01 00:00:00,14.93
1893-06-01 00:00:00,14.63
1893-07-01 00:00:00,13.67
1893-08-01 00:00:00,13.75
1893-09-01 00:00:00,15.2
1893-10-01 00:00:00,16.17
1893-11-01 00:00:00,16.98
1893-12-01 00:00:00,16.96
1894-01-01 00:00:00,17.16
1894-02-01 00:00:00,18
1894-03-01 00:00:00,19.19
1894-04-01 00:00:00,20.16
1894-05-01 00:00:00,20.16
1894-06-01 00:00:00,20.67
1894-07-01 00:00:00,21.07
1894-08-01 00:00:00,22.81
1894-09-01 00:00:00,24.22
1894-10-01 00:00:00,24.56
1894-11-01 00:00:00,25.79
1894-12-01 00:00:00,26.88
1895-01-01 00:00:00,25.37
1895-02-01 00:00:00,23.94
1895-03-01 00:00:00,22.96
1895-04-01 00:00:00,23
1895-05-01 00:00:00,23.34
1895-06-01 00:00:00,22.93
1895-07-01 00:00:00,22.21
1895-08-01 00:00:00,21.77
1895-09-01 00:00:00,21.19
1895-10-01 00:00:00,20.21
1895-11-01 00:00:00,18.93
1895-12-01 00:00:00,17.28
1896-01-01 00:00:00,17.31
1896-02-01 00:00:00,18.29
1896-03-01 00:00:00,18.25
1896-04-01 00:00:00,18.67
1896-05-01 00:00:00,18.86
1896-06-01 00:00:00,18.78
1896-07-01 00:00:00,17.82
1896-08-01 00:00:00,17.06
1896-09-01 00:00:00,18.23
1896-10-01 00:00:00,18.92
1896-11-01 00:00:00,20.53
1896-12-01 00:00:00,20.1
1897-01-01 00:00:00,19.33
1897-02-01 00:00:00,18.44
1897-03-01 00:00:00,17.83
1897-04-01 00:00:00,16.69
1897-05-01 00:00:00,16.21
1897-06-01 00:00:00,16.42
1897-07-01 00:00:00,16.62
1897-08-01 00:00:00,17.17
1897-09-01 00:00:00,17.47
1897-10-01 00:00:00,16.43
1897-11-01 00:00:00,15.41
1897-12-01 00:00:00,15.32
1898-01-01 00:00:00,15.58
1898-02-01 00:00:00,15.38
1898-03-01 00:00:00,14.53
1898-04-01 00:00:00,14.14
1898-05-01 00:00:00,14.91
1898-06-01 00:00:00,15.33
1898-07-01 00:00:00,15.24
1898-08-01 00:00:00,15.65
1898-09-01 00:00:00,15.47
1898-10-01 00:00:00,15
1898-11-01 00:00:00,15.34
1898-12-01 00:00:00,16.14
1899-01-01 00:00:00,16.85
1899-02-01 00:00:00,16.98
1899-03-01 00:00:00,16.73
1899-04-01 00:00:00,16.48
1899-05-01 00:00:00,15.36
1899-06-01 00:00:00,14.63
1899-07-01 00:00:00,14.75
1899-08-01 00:00:00,14.75
1899-09-01 00:00:00,14.23
1899-10-01 00:00:00,13.83
1899-11-01 00:00:00,13.77
1899-12-01 00:00:00,12.54
01-01-1900 00:00,12.71
01-02-1900 00:00,12.94
01-03-1900 00:00,13.04
01-04-1900 00:00,13.21
01-05-1900 00:00,12.58
01-06-1900 00:00,12.21
01-07-1900 00:00,12.21
01-08-1900 00:00,12.38
01-09-1900 00:00,12.08
01-10-1900 00:00,12.52
01-11-1900 00:00,13.5
01-12-1900 00:00,14.31
01-01-1901 00:00,14.68
01-02-1901 00:00,15
01-03-1901 00:00,15.48
01-04-1901 00:00,16.72
01-05-1901 00:00,15.83
01-06-1901 00:00,17.35
01-07-1901 00:00,16.13
01-08-1901 00:00,16.3
01-09-1901 00:00,16.16
01-10-1901 00:00,15.93
01-11-1901 00:00,16.22
01-12-1901 00:00,15.9
01-01-1902 00:00,15.9
01-02-1902 00:00,15.7
01-03-1902 00:00,15.4
01-04-1902 00:00,15.61
01-05-1902 00:00,15.27
01-06-1902 00:00,14.88
01-07-1902 00:00,14.94
01-08-1902 00:00,15.05
01-09-1902 00:00,14.81
01-10-1902 00:00,14.09
01-11-1902 00:00,13.31
01-12-1902 00:00,12.78
01-01-1903 00:00,13.61
01-02-1903 00:00,13.71
01-03-1903 00:00,13.36
01-04-1903 00:00,12.99
01-05-1903 00:00,12.92
01-06-1903 00:00,12.38
01-07-1903 00:00,11.98
01-08-1903 00:00,11.77
01-09-1903 00:00,11.66
01-10-1903 00:00,11.45
01-11-1903 00:00,11.67
01-12-1903 00:00,12.4
01-01-1904 00:00,12.68
01-02-1904 00:00,12.42
01-03-1904 00:00,12.46
01-04-1904 00:00,12.85
01-05-1904 00:00,12.66
01-06-1904 00:00,12.76
01-07-1904 00:00,13.38
01-08-1904 00:00,13.93
01-09-1904 00:00,14.64
01-10-1904 00:00,15.6
01-11-1904 00:00,16.56
01-12-1904 00:00,16.84
01-01-1905 00:00,16.69
01-02-1905 00:00,16.92
01-03-1905 00:00,16.92
01-04-1905 00:00,16.25
01-05-1905 00:00,15.04
01-06-1905 00:00,14.83
01-07-1905 00:00,14.91
01-08-1905 00:00,15.08
01-09-1905 00:00,14.77
01-10-1905 00:00,14.62
01-11-1905 00:00,14.21
01-12-1905 00:00,14.24
01-01-1906 00:00,14.57
01-02-1906 00:00,14.31
01-03-1906 00:00,13.81
01-04-1906 00:00,13.47
01-05-1906 00:00,12.98
01-06-1906 00:00,13.01
01-07-1906 00:00,12.54
01-08-1906 00:00,13.33
01-09-1906 00:00,13.6
01-10-1906 00:00,13.06
01-11-1906 00:00,13.2
01-12-1906 00:00,12.95
01-01-1907 00:00,12.72
01-02-1907 00:00,12.46
01-03-1907 00:00,11.36
01-04-1907 00:00,11.55
01-05-1907 00:00,11.28
01-06-1907 00:00,11.04
01-07-1907 00:00,11.6
01-08-1907 00:00,10.86
01-09-1907 00:00,10.88
01-10-1907 00:00,9.81
01-11-1907 00:00,9.35
01-12-1907 00:00,9.95
01-01-1908 00:00,10.49
01-02-1908 00:00,10.21
01-03-1908 00:00,10.73
01-04-1908 00:00,11.43
01-05-1908 00:00,12.17
01-06-1908 00:00,12.32
01-07-1908 00:00,12.91
01-08-1908 00:00,13.61
01-09-1908 00:00,13.62
01-10-1908 00:00,13.94
01-11-1908 00:00,15.05
01-12-1908 00:00,15.57
01-01-1909 00:00,15.23
01-02-1909 00:00,14.43
01-03-1909 00:00,14.27
01-04-1909 00:00,14.56
01-05-1909 00:00,14.7
01-06-1909 00:00,14.63
01-07-1909 00:00,14.51
01-08-1909 00:00,14.54
01-09-1909 00:00,14.25
01-10-1909 00:00,14.01
01-11-1909 00:00,13.66
01-12-1909 00:00,13.55
01-01-1910 00:00,13.31
01-02-1910 00:00,12.87
01-03-1910 00:00,13.24
01-04-1910 00:00,12.96
01-05-1910 00:00,12.79
01-06-1910 00:00,12.21
01-07-1910 00:00,11.64
01-08-1910 00:00,11.96
01-09-1910 00:00,12.08
01-10-1910 00:00,12.68
01-11-1910 00:00,12.71
01-12-1910 00:00,12.4
01-01-1911 00:00,12.91
01-02-1911 00:00,13.34
01-03-1911 00:00,13.41
01-04-1911 00:00,13.58
01-05-1911 00:00,14.11
01-06-1911 00:00,14.65
01-07-1911 00:00,14.85
01-08-1911 00:00,14.4
01-09-1911 00:00,13.87
01-10-1911 00:00,14.22
01-11-1911 00:00,15.07
01-12-1911 00:00,15.44
01-01-1912 00:00,15.22
01-02-1912 00:00,14.86
01-03-1912 00:00,15.06
01-04-1912 00:00,15.3
01-05-1912 00:00,15.07
01-06-1912 00:00,14.85
01-07-1912 00:00,14.66
01-08-1912 00:00,14.79
01-09-1912 00:00,14.66
01-10-1912 00:00,14.43
01-11-1912 00:00,14.09
01-12-1912 00:00,13.4
01-01-1913 00:00,13.4
01-02-1913 00:00,13.03
01-03-1913 00:00,12.89
01-04-1913 00:00,12.99
01-05-1913 00:00,12.75
01-06-1913 00:00,12.21
01-07-1913 00:00,12.48
01-08-1913 00:00,12.93
01-09-1913 00:00,13.17
01-10-1913 00:00,12.87
01-11-1913 00:00,12.66
01-12-1913 00:00,12.76
01-01-1914 00:00,13.48
01-02-1914 00:00,13.86
01-03-1914 00:00,13.81
01-04-1914 00:00,13.69
01-05-1914 00:00,13.98
01-06-1914 00:00,14.14
01-07-1914 00:00,13.57
01-08-1914 00:00,13.8
01-09-1914 00:00,14.03
01-10-1914 00:00,14.27
01-11-1914 00:00,14.51
01-12-1914 00:00,14.13
01-01-1915 00:00,13.6
01-02-1915 00:00,12.72
01-03-1915 00:00,12.41
01-04-1915 00:00,12.72
01-05-1915 00:00,11.87
01-06-1915 00:00,11.49
01-07-1915 00:00,10.97
01-08-1915 00:00,10.99
01-09-1915 00:00,10.96
01-10-1915 00:00,11.15
01-11-1915 00:00,11.13
01-12-1915 00:00,10.77
01-01-1916 00:00,9.99
01-02-1916 00:00,9.31
01-03-1916 00:00,8.8
01-04-1916 00:00,8.27
01-05-1916 00:00,8.05
01-06-1916 00:00,7.77
01-07-1916 00:00,7.33
01-08-1916 00:00,7.08
01-09-1916 00:00,7.08
01-10-1916 00:00,7.02
01-11-1916 00:00,6.92
01-12-1916 00:00,6.41
01-01-1917 00:00,6.34
01-02-1917 00:00,6.07
01-03-1917 00:00,6.34
01-04-1917 00:00,6.34
01-05-1917 00:00,6.21
01-06-1917 00:00,6.43
01-07-1917 00:00,6.35
01-08-1917 00:00,6.26
01-09-1917 00:00,6.05
01-10-1917 00:00,5.81
01-11-1917 00:00,5.41
01-12-1917 00:00,5.31
01-01-1918 00:00,5.74
01-02-1918 00:00,6.03
01-03-1918 00:00,6.03
01-04-1918 00:00,6.09
01-05-1918 00:00,6.42
01-06-1918 00:00,6.56
01-07-1918 00:00,6.76
01-08-1918 00:00,6.97
01-09-1918 00:00,7.09
01-10-1918 00:00,7.57
01-11-1918 00:00,7.95
01-12-1918 00:00,7.98
01-01-1919 00:00,7.97
01-02-1919 00:00,8.04
01-03-1919 00:00,8.33
01-04-1919 00:00,8.65
01-05-1919 00:00,9.3
01-06-1919 00:00,9.59
01-07-1919 00:00,9.96
01-08-1919 00:00,9.34
01-09-1919 00:00,9.53
01-10-1919 00:00,10.07
01-11-1919 00:00,9.83
01-12-1919 00:00,9.59
01-01-1920 00:00,9.61
01-02-1920 00:00,8.92
01-03-1920 00:00,9.66
01-04-1920 00:00,9.7
01-05-1920 00:00,9.2
01-06-1920 00:00,9.16
01-07-1920 00:00,9.26
01-08-1920 00:00,9.01
01-09-1920 00:00,9.45
01-10-1920 00:00,9.59
01-11-1920 00:00,9.23
01-12-1920 00:00,8.51
01-01-1921 00:00,9.39
01-02-1921 00:00,9.87
01-03-1921 00:00,10.23
01-04-1921 00:00,10.97
01-05-1921 00:00,12.12
01-06-1921 00:00,12.02
01-07-1921 00:00,13
01-08-1921 00:00,14.02
01-09-1921 00:00,15.83
01-10-1921 00:00,17.87
01-11-1921 00:00,21.23
01-12-1921 00:00,25.21
01-01-1922 00:00,22.58
01-02-1922 00:00,20.91
01-03-1922 00:00,19.85
01-04-1922 00:00,19.4
01-05-1922 00:00,18.68
01-06-1922 00:00,17.24
01-07-1922 00:00,16.26
01-08-1922 00:00,15.86
01-09-1922 00:00,15.36
01-10-1922 00:00,14.86
01-11-1922 00:00,13.4
01-12-1922 00:00,12.72
01-01-1923 00:00,12.46
01-02-1923 00:00,12.57
01-03-1923 00:00,12.37
01-04-1923 00:00,11.57
01-05-1923 00:00,10.69
01-06-1923 00:00,9.99
01-07-1923 00:00,9.38
01-08-1923 00:00,9.17
01-09-1923 00:00,8.98
01-10-1923 00:00,8.62
01-11-1923 00:00,8.65
01-12-1923 00:00,8.72
01-01-1924 00:00,9.05
01-02-1924 00:00,9.13
01-03-1924 00:00,8.99
01-04-1924 00:00,8.82
01-05-1924 00:00,8.83
01-06-1924 00:00,9.04
01-07-1924 00:00,9.5
01-08-1924 00:00,9.87
01-09-1924 00:00,9.81
01-10-1924 00:00,9.73
01-11-1924 00:00,10.32
01-12-1924 00:00,10.92
01-01-1925 00:00,11.06
01-02-1925 00:00,10.85
01-03-1925 00:00,10.29
01-04-1925 00:00,9.91
01-05-1925 00:00,9.98
01-06-1925 00:00,9.91
01-07-1925 00:00,9.94
01-08-1925 00:00,9.84
01-09-1925 00:00,9.84
01-10-1925 00:00,9.93
01-11-1925 00:00,10.02
01-12-1925 00:00,9.97
01-01-1926 00:00,10.13
01-02-1926 00:00,10.15
01-03-1926 00:00,9.46
01-04-1926 00:00,9.21
01-05-1926 00:00,9.28
01-06-1926 00:00,9.73
01-07-1926 00:00,10.14
01-08-1926 00:00,10.56
01-09-1926 00:00,10.72
01-10-1926 00:00,10.48
01-11-1926 00:00,10.63
01-12-1926 00:00,10.88
01-01-1927 00:00,10.9
01-02-1927 00:00,11.22
01-03-1927 00:00,11.48
01-04-1927 00:00,11.87
01-05-1927 00:00,12.39
01-06-1927 00:00,12.67
01-07-1927 00:00,13.08
01-08-1927 00:00,13.9
01-09-1927 00:00,14.82
01-10-1927 00:00,14.73
01-11-1927 00:00,15.22
01-12-1927 00:00,15.73
01-01-1928 00:00,15.47
01-02-1928 00:00,15
01-03-1928 00:00,15.51
01-04-1928 00:00,16.17
01-05-1928 00:00,16.37
01-06-1928 00:00,15.28
01-07-1928 00:00,15.11
01-08-1928 00:00,15.33
01-09-1928 00:00,16.14
01-10-1928 00:00,16.18
01-11-1928 00:00,16.99
01-12-1928 00:00,16.78
01-01-1929 00:00,17.77
01-02-1929 00:00,17.62
01-03-1929 00:00,17.68
01-04-1929 00:00,17.35
01-05-1929 00:00,17.38
01-06-1929 00:00,17.49
01-07-1929 00:00,18.81
01-08-1929 00:00,19.63
01-09-1929 00:00,20.17
01-10-1929 00:00,17.81
01-11-1929 00:00,12.94
01-12-1929 00:00,13.29
01-01-1930 00:00,13.94
01-02-1930 00:00,15.35
01-03-1930 00:00,16.51
01-04-1930 00:00,18.22
01-05-1930 00:00,17.83
01-06-1930 00:00,16.68
01-07-1930 00:00,17.03
01-08-1930 00:00,17.57
01-09-1930 00:00,18.39
01-10-1930 00:00,16.64
01-11-1930 00:00,16.25
01-12-1930 00:00,15.99
01-01-1931 00:00,17
01-02-1931 00:00,18.9
01-03-1931 00:00,19.92
01-04-1931 00:00,18.66
01-05-1931 00:00,17.48
01-06-1931 00:00,17.56
01-07-1931 00:00,18.86
01-08-1931 00:00,19.04
01-09-1931 00:00,16.9
01-10-1931 00:00,15.3
01-11-1931 00:00,16.23
01-12-1931 00:00,13.84
01-01-1932 00:00,13.99
01-02-1932 00:00,14.27
01-03-1932 00:00,14.75
01-04-1932 00:00,11.56
01-05-1932 00:00,10.46
01-06-1932 00:00,9.35
01-07-1932 00:00,10.16
01-08-1932 00:00,15.8
01-09-1932 00:00,17.96
01-10-1932 00:00,16.06
01-11-1932 00:00,16.52
01-12-1932 00:00,16.63
01-01-1933 00:00,17.19
01-02-1933 00:00,15.06
01-03-1933 00:00,14.92
01-04-1933 00:00,16.4
01-05-1933 00:00,20.99
01-06-1933 00:00,24.45
01-07-1933 00:00,26.27
01-08-1933 00:00,24.81
01-09-1933 00:00,24.46
01-10-1933 00:00,21.95
01-11-1933 00:00,22.35
01-12-1933 00:00,22.66
01-01-1934 00:00,23.73
01-02-1934 00:00,25.25
01-03-1934 00:00,23.73
01-04-1934 00:00,23.91
01-05-1934 00:00,21.29
01-06-1934 00:00,21.38
01-07-1934 00:00,20.18
01-08-1934 00:00,19.23
01-09-1934 00:00,18.6
01-10-1934 00:00,18.58
01-11-1934 00:00,18.94
01-12-1934 00:00,18.9
01-01-1935 00:00,16.25
01-02-1935 00:00,13.82
01-03-1935 00:00,11.52
01-04-1935 00:00,11.95
01-05-1935 00:00,12.45
01-06-1935 00:00,12.49
01-07-1935 00:00,13.42
01-08-1935 00:00,14.64
01-09-1935 00:00,15.28
01-10-1935 00:00,15.68
01-11-1935 00:00,17.16
01-12-1935 00:00,17.16
01-01-1936 00:00,17.87
01-02-1936 00:00,18.65
01-03-1936 00:00,18.81
01-04-1936 00:00,18.15
01-05-1936 00:00,16.58
01-06-1936 00:00,16.69
01-07-1936 00:00,17.29
01-08-1936 00:00,17.25
01-09-1936 00:00,17.07
01-10-1936 00:00,17.47
01-11-1936 00:00,17.48
01-12-1936 00:00,16.73
01-01-1937 00:00,16.75
01-02-1937 00:00,16.77
01-03-1937 00:00,16.3
01-04-1937 00:00,15.05
01-05-1937 00:00,14.13
01-06-1937 00:00,13.37
01-07-1937 00:00,13.96
01-08-1937 00:00,13.91
01-09-1937 00:00,11.78
01-10-1937 00:00,10.32
01-11-1937 00:00,9.66
01-12-1937 00:00,9.75
01-01-1938 00:00,10.5
01-02-1938 00:00,10.79
01-03-1938 00:00,10.63
01-04-1938 00:00,10.95
01-05-1938 00:00,11.93
01-06-1938 00:00,13.26
01-07-1938 00:00,17
01-08-1938 00:00,18.37
01-09-1938 00:00,18.95
01-10-1938 00:00,20.84
01-11-1938 00:00,20.64
01-12-1938 00:00,19.83
01-01-1939 00:00,18.84
01-02-1939 00:00,18.06
01-03-1939 00:00,17.45
01-04-1939 00:00,14.9
01-05-1939 00:00,15.11
01-06-1939 00:00,15.04
01-07-1939 00:00,15.08
01-08-1939 00:00,14.55
01-09-1939 00:00,15.77
01-10-1939 00:00,15.36
01-11-1939 00:00,14.56
01-12-1939 00:00,13.74
01-01-1940 00:00,13.23
01-02-1940 00:00,12.73
01-03-1940 00:00,12.27
01-04-1940 00:00,12.19
01-05-1940 00:00,10.34
01-06-1940 00:00,9.3
01-07-1940 00:00,9.48
01-08-1940 00:00,9.56
01-09-1940 00:00,9.84
01-10-1940 00:00,10.03
01-11-1940 00:00,10.36
01-12-1940 00:00,10.03
01-01-1941 00:00,10.02
01-02-1941 00:00,9.36
01-03-1941 00:00,9.39
01-04-1941 00:00,9.01
01-05-1941 00:00,8.73
01-06-1941 00:00,8.95
01-07-1941 00:00,9.13
01-08-1941 00:00,8.83
01-09-1941 00:00,8.61
01-10-1941 00:00,8.33
01-11-1941 00:00,8.01
01-12-1941 00:00,7.55
01-01-1942 00:00,7.97
01-02-1942 00:00,8.01
01-03-1942 00:00,7.87
01-04-1942 00:00,7.69
01-05-1942 00:00,7.93
01-06-1942 00:00,8.5
01-07-1942 00:00,8.94
01-08-1942 00:00,9.01
01-09-1942 00:00,9.23
01-10-1942 00:00,9.61
01-11-1942 00:00,9.47
01-12-1942 00:00,9.24
01-01-1943 00:00,9.67
01-02-1943 00:00,10.12
01-03-1943 00:00,10.35
01-04-1943 00:00,10.59
01-05-1943 00:00,10.91
01-06-1943 00:00,11
01-07-1943 00:00,11.3
01-08-1943 00:00,10.8
01-09-1943 00:00,11.1
01-10-1943 00:00,11.5
01-11-1943 00:00,11.48
01-12-1943 00:00,12.21
01-01-1944 00:00,12.65
01-02-1944 00:00,12.61
01-03-1944 00:00,13.01
01-04-1944 00:00,12.83
01-05-1944 00:00,13.1
01-06-1944 00:00,13.77
01-07-1944 00:00,14.23
01-08-1944 00:00,14.13
01-09-1944 00:00,14
01-10-1944 00:00,14.19
01-11-1944 00:00,13.93
01-12-1944 00:00,14.09
01-01-1945 00:00,14.35
01-02-1945 00:00,14.67
01-03-1945 00:00,14.51
01-04-1945 00:00,14.67
01-05-1945 00:00,15.02
01-06-1945 00:00,15.09
01-07-1945 00:00,14.83
01-08-1945 00:00,14.93
01-09-1945 00:00,16
01-10-1945 00:00,16.84
01-11-1945 00:00,17.57
01-12-1945 00:00,18.05
01-01-1946 00:00,19.17
01-02-1946 00:00,19.64
01-03-1946 00:00,19.48
01-04-1946 00:00,21.2
01-05-1946 00:00,21.74
01-06-1946 00:00,22.12
01-07-1946 00:00,21.07
01-08-1946 00:00,20.27
01-09-1946 00:00,16.96
01-10-1946 00:00,15.58
01-11-1946 00:00,14.64
01-12-1946 00:00,14.27
01-01-1947 00:00,13.46
01-02-1947 00:00,13.17
01-03-1947 00:00,11.94
01-04-1947 00:00,11
01-05-1947 00:00,10.37
01-06-1947 00:00,10.31
01-07-1947 00:00,10.68
01-08-1947 00:00,10.22
01-09-1947 00:00,9.72
01-10-1947 00:00,9.84
01-11-1947 00:00,9.6
01-12-1947 00:00,9.34
01-01-1948 00:00,9.02
01-02-1948 00:00,8.41
01-03-1948 00:00,8.36
01-04-1948 00:00,8.75
01-05-1948 00:00,8.92
01-06-1948 00:00,9.04
01-07-1948 00:00,8.51
01-08-1948 00:00,7.97
01-09-1948 00:00,7.61
01-10-1948 00:00,7.55
01-11-1948 00:00,6.9
01-12-1948 00:00,6.63
01-01-1949 00:00,6.62
01-02-1949 00:00,6.29
01-03-1949 00:00,6.26
01-04-1949 00:00,6.24
01-05-1949 00:00,6.18
01-06-1949 00:00,5.82
01-07-1949 00:00,6.16
01-08-1949 00:00,6.39
01-09-1949 00:00,6.48
01-10-1949 00:00,6.71
01-11-1949 00:00,6.87
01-12-1949 00:00,7.13
01-01-1950 00:00,7.22
01-02-1950 00:00,7.31
01-03-1950 00:00,7.32
01-04-1950 00:00,7.35
01-05-1950 00:00,7.43
01-06-1950 00:00,7.38
01-07-1950 00:00,6.68
01-08-1950 00:00,6.93
01-09-1950 00:00,7.01
01-10-1950 00:00,7.2
01-11-1950 00:00,7.08
01-12-1950 00:00,6.95
01-01-1951 00:00,7.48
01-02-1951 00:00,7.76
01-03-1951 00:00,7.64
01-04-1951 00:00,7.85
01-05-1951 00:00,7.96
01-06-1951 00:00,7.92
01-07-1951 00:00,8.28
01-08-1951 00:00,8.87
01-09-1951 00:00,9.35
01-10-1951 00:00,9.39
01-11-1951 00:00,9.22
01-12-1951 00:00,9.59
01-01-1952 00:00,9.97
01-02-1952 00:00,9.84
01-03-1952 00:00,9.92
01-04-1952 00:00,9.97
01-05-1952 00:00,10.06
01-06-1952 00:00,10.42
01-07-1952 00:00,10.69
01-08-1952 00:00,10.7
01-09-1952 00:00,10.5
01-10-1952 00:00,10.22
01-11-1952 00:00,10.49
01-12-1952 00:00,10.85
01-01-1953 00:00,10.86
01-02-1953 00:00,10.69
01-03-1953 00:00,10.7
01-04-1953 00:00,10.06
01-05-1953 00:00,10
01-06-1953 00:00,9.54
01-07-1953 00:00,9.63
01-08-1953 00:00,9.61
01-09-1953 00:00,9.13
01-10-1953 00:00,9.45
01-11-1953 00:00,9.71
01-12-1953 00:00,9.89
01-01-1954 00:00,10.09
01-02-1954 00:00,10.26
01-03-1954 00:00,10.42
01-04-1954 00:00,10.74
01-05-1954 00:00,11.06
01-06-1954 00:00,11.05
01-07-1954 00:00,11.49
01-08-1954 00:00,11.7
01-09-1954 00:00,11.96
01-10-1954 00:00,12.02
01-11-1954 00:00,12.28
01-12-1954 00:00,12.62
01-01-1955 00:00,12.56
01-02-1955 00:00,12.7
01-03-1955 00:00,12.33
01-04-1955 00:00,12.39
01-05-1955 00:00,12
01-06-1955 00:00,12.35
01-07-1955 00:00,12.96
01-08-1955 00:00,12.6
01-09-1955 00:00,12.89
01-10-1955 00:00,12.03
01-11-1955 00:00,12.63
01-12-1955 00:00,12.53
01-01-1956 00:00,12.12
01-02-1956 00:00,12.12
01-03-1956 00:00,12.87
01-04-1956 00:00,13.13
01-05-1956 00:00,12.82
01-06-1956 00:00,12.85
01-07-1956 00:00,13.73
01-08-1956 00:00,13.83
01-09-1956 00:00,13.54
01-10-1956 00:00,13.43
01-11-1956 00:00,13.35
01-12-1956 00:00,13.62
01-01-1957 00:00,13.34
01-02-1957 00:00,12.77
01-03-1957 00:00,12.95
01-04-1957 00:00,13.22
01-05-1957 00:00,13.71
01-06-1957 00:00,13.9
01-07-1957 00:00,14.12
01-08-1957 00:00,13.27
01-09-1957 00:00,12.67
01-10-1957 00:00,12
01-11-1957 00:00,11.86
01-12-1957 00:00,11.97
01-01-1958 00:00,12.49
01-02-1958 00:00,12.83
01-03-1958 00:00,13.41
01-04-1958 00:00,13.79
01-05-1958 00:00,14.57
01-06-1958 00:00,15.27
01-07-1958 00:00,15.78
01-08-1958 00:00,16.47
01-09-1958 00:00,17
01-10-1958 00:00,17.67
01-11-1958 00:00,18.19
01-12-1958 00:00,18.51
01-01-1959 00:00,18.77
01-02-1959 00:00,18.04
01-03-1959 00:00,18.06
01-04-1959 00:00,17.81
01-05-1959 00:00,17.55
01-06-1959 00:00,16.9
01-07-1959 00:00,17.52
01-08-1959 00:00,17.37
01-09-1959 00:00,16.63
01-10-1959 00:00,16.68
01-11-1959 00:00,16.82
01-12-1959 00:00,17.42
01-01-1960 00:00,17.12
01-02-1960 00:00,16.45
01-03-1960 00:00,16.23
01-04-1960 00:00,16.65
01-05-1960 00:00,16.72
01-06-1960 00:00,17.56
01-07-1960 00:00,17.11
01-08-1960 00:00,17.3
01-09-1960 00:00,16.76
01-10-1960 00:00,16.43
01-11-1960 00:00,16.96
01-12-1960 00:00,17.37
01-01-1961 00:00,18.6
01-02-1961 00:00,19.74
01-03-1961 00:00,20.75
01-04-1961 00:00,21.44
01-05-1961 00:00,21.8
01-06-1961 00:00,21.66
01-07-1961 00:00,21.55
01-08-1961 00:00,22.27
01-09-1961 00:00,22.05
01-10-1961 00:00,21.96
01-11-1961 00:00,22.61
01-12-1961 00:00,22.49
01-01-1962 00:00,21.25
01-02-1962 00:00,21.21
01-03-1962 00:00,20.86
01-04-1962 00:00,20
01-05-1962 00:00,18.33
01-06-1962 00:00,16.03
01-07-1962 00:00,16.32
01-08-1962 00:00,16.67
01-09-1962 00:00,16.43
01-10-1962 00:00,15.7
01-11-1962 00:00,16.57
01-12-1962 00:00,17.07
01-01-1963 00:00,17.66
01-02-1963 00:00,17.83
01-03-1963 00:00,17.7
01-04-1963 00:00,18.32
01-05-1963 00:00,18.47
01-06-1963 00:00,18.26
01-07-1963 00:00,17.8
01-08-1963 00:00,18.11
01-09-1963 00:00,18.4
01-10-1963 00:00,18.35
01-11-1963 00:00,18.16
01-12-1963 00:00,18.45
01-01-1964 00:00,18.77
01-02-1964 00:00,18.75
01-03-1964 00:00,18.85
01-04-1964 00:00,18.9
01-05-1964 00:00,18.86
01-06-1964 00:00,18.53
01-07-1964 00:00,19.01
01-08-1964 00:00,18.54
01-09-1964 00:00,18.66
01-10-1964 00:00,18.87
01-11-1964 00:00,18.89
01-12-1964 00:00,18.45
01-01-1965 00:00,18.75
01-02-1965 00:00,18.71
01-03-1965 00:00,18.55
01-04-1965 00:00,18.59
01-05-1965 00:00,18.65
01-06-1965 00:00,17.57
01-07-1965 00:00,17.38
01-08-1965 00:00,17.53
01-09-1965 00:00,17.95
01-10-1965 00:00,18.1
01-11-1965 00:00,18
01-12-1965 00:00,17.67
01-01-1966 00:00,17.81
01-02-1966 00:00,17.52
01-03-1966 00:00,16.64
01-04-1966 00:00,17.03
01-05-1966 00:00,16.01
01-06-1966 00:00,15.76
01-07-1966 00:00,15.67
01-08-1966 00:00,14.68
01-09-1966 00:00,14.12
01-10-1966 00:00,13.96
01-11-1966 00:00,14.63
01-12-1966 00:00,14.65
01-01-1967 00:00,15.31
01-02-1967 00:00,15.93
01-03-1967 00:00,16.41
01-04-1967 00:00,16.81
01-05-1967 00:00,17.24
01-06-1967 00:00,17.15
01-07-1967 00:00,17.48
01-08-1967 00:00,17.79
01-09-1967 00:00,18.08
01-10-1967 00:00,18.02
01-11-1967 00:00,17.42
01-12-1967 00:00,17.88
01-01-1968 00:00,17.71
01-02-1968 00:00,16.8
01-03-1968 00:00,16.38
01-04-1968 00:00,17.45
01-05-1968 00:00,17.71
01-06-1968 00:00,18.04
01-07-1968 00:00,17.91
01-08-1968 00:00,17.43
01-09-1968 00:00,17.9
01-10-1968 00:00,18.23
01-11-1968 00:00,18.41
01-12-1968 00:00,18.49
01-01-1969 00:00,17.65
01-02-1969 00:00,17.5
01-03-1969 00:00,17.06
01-04-1969 00:00,17.39
01-05-1969 00:00,17.93
01-06-1969 00:00,16.98
01-07-1969 00:00,16.17
01-08-1969 00:00,16.04
01-09-1969 00:00,16.05
01-10-1969 00:00,16.32
01-11-1969 00:00,16.54
01-12-1969 00:00,15.76
01-01-1970 00:00,15.76
01-02-1970 00:00,15.35
01-03-1970 00:00,15.75
01-04-1970 00:00,15.37
01-05-1970 00:00,13.69
01-06-1970 00:00,13.69
01-07-1970 00:00,13.85
01-08-1970 00:00,14.39
01-09-1970 00:00,15.41
01-10-1970 00:00,15.97
01-11-1970 00:00,16.19
01-12-1970 00:00,17.55
01-01-1971 00:00,18.12
01-02-1971 00:00,18.71
01-03-1971 00:00,19.08
01-04-1971 00:00,19.61
01-05-1971 00:00,19.22
01-06-1971 00:00,18.74
01-07-1971 00:00,18.48
01-08-1971 00:00,18.03
01-09-1971 00:00,18.31
01-10-1971 00:00,17.62
01-11-1971 00:00,16.54
01-12-1971 00:00,17.4
01-01-1972 00:00,18.01
01-02-1972 00:00,18.22
01-03-1972 00:00,18.54
01-04-1972 00:00,18.56
01-05-1972 00:00,18.2
01-06-1972 00:00,18.09
01-07-1972 00:00,17.79
01-08-1972 00:00,18.25
01-09-1972 00:00,17.82
01-10-1972 00:00,17.58
01-11-1972 00:00,18.19
01-12-1972 00:00,18.3
01-01-1973 00:00,18.09
01-02-1973 00:00,17.11
01-03-1973 00:00,16.53
01-04-1973 00:00,15.89
01-05-1973 00:00,15.13
01-06-1973 00:00,14.5
01-07-1973 00:00,14.33
01-08-1973 00:00,13.77
01-09-1973 00:00,13.73
01-10-1973 00:00,13.99
01-11-1973 00:00,12.74
01-12-1973 00:00,11.62
01-01-1974 00:00,11.68
01-02-1974 00:00,11.27
01-03-1974 00:00,11.66
01-04-1974 00:00,10.89
01-05-1974 00:00,10.41
01-06-1974 00:00,10.27
01-07-1974 00:00,8.95
01-08-1974 00:00,8.46
01-09-1974 00:00,7.48
01-10-1974 00:00,7.68
01-11-1974 00:00,8
01-12-1974 00:00,7.54
01-01-1975 00:00,8.3
01-02-1975 00:00,9.32
01-03-1975 00:00,9.91
01-04-1975 00:00,10.22
01-05-1975 00:00,11.09
01-06-1975 00:00,11.61
01-07-1975 00:00,11.72
01-08-1975 00:00,10.95
01-09-1975 00:00,10.91
01-10-1975 00:00,11.32
01-11-1975 00:00,11.41
01-12-1975 00:00,11.14
01-01-1976 00:00,11.82
01-02-1976 00:00,11.94
01-03-1976 00:00,11.67
01-04-1976 00:00,11.51
01-05-1976 00:00,11.18
01-06-1976 00:00,11.01
01-07-1976 00:00,11.14
01-08-1976 00:00,10.93
01-09-1976 00:00,11.05
01-10-1976 00:00,10.54
01-11-1976 00:00,10.34
01-12-1976 00:00,10.57
01-01-1977 00:00,10.41
01-02-1977 00:00,10.08
01-03-1977 00:00,9.98
01-04-1977 00:00,9.72
01-05-1977 00:00,9.58
01-06-1977 00:00,9.53
01-07-1977 00:00,9.53
01-08-1977 00:00,9.21
01-09-1977 00:00,8.99
01-10-1977 00:00,8.7
01-11-1977 00:00,8.71
01-12-1977 00:00,8.62
01-01-1978 00:00,8.28
01-02-1978 00:00,8.16
01-03-1978 00:00,8.13
01-04-1978 00:00,8.41
01-05-1978 00:00,8.75
01-06-1978 00:00,8.7
01-07-1978 00:00,8.57
01-08-1978 00:00,9.07
01-09-1978 00:00,8.98
01-10-1978 00:00,8.51
01-11-1978 00:00,7.84
01-12-1978 00:00,7.79
01-01-1979 00:00,7.88
01-02-1979 00:00,7.57
01-03-1979 00:00,7.53
01-04-1979 00:00,7.55
01-05-1979 00:00,7.25
01-06-1979 00:00,7.27
01-07-1979 00:00,7.23
01-08-1979 00:00,7.45
01-09-1979 00:00,7.42
01-10-1979 00:00,7.11
01-11-1979 00:00,7.01
01-12-1979 00:00,7.25
01-01-1980 00:00,7.39
01-02-1980 00:00,7.61
01-03-1980 00:00,6.85
01-04-1980 00:00,6.79
01-05-1980 00:00,7.15
01-06-1980 00:00,7.67
01-07-1980 00:00,8.07
01-08-1980 00:00,8.38
01-09-1980 00:00,8.64
01-10-1980 00:00,8.86
01-11-1980 00:00,9.19
01-12-1980 00:00,9.01
01-01-1981 00:00,9.02
01-02-1981 00:00,8.76
01-03-1981 00:00,9.14
01-04-1981 00:00,9.13
01-05-1981 00:00,8.86
01-06-1981 00:00,8.81
01-07-1981 00:00,8.55
01-08-1981 00:00,8.54
01-09-1981 00:00,7.75
01-10-1981 00:00,7.83
01-11-1981 00:00,8.02
01-12-1981 00:00,8.06
01-01-1982 00:00,7.73
01-02-1982 00:00,7.64
01-03-1982 00:00,7.48
01-04-1982 00:00,7.97
01-05-1982 00:00,8.09
01-06-1982 00:00,7.74
01-07-1982 00:00,7.83
01-08-1982 00:00,7.97
01-09-1982 00:00,9.03
01-10-1982 00:00,10.01
01-11-1982 00:00,10.67
01-12-1982 00:00,11.03
01-01-1983 00:00,11.48
01-02-1983 00:00,11.75
01-03-1983 00:00,12.23
01-04-1983 00:00,12.64
01-05-1983 00:00,13.09
01-06-1983 00:00,13.22
01-07-1983 00:00,13.02
01-08-1983 00:00,12.43
01-09-1983 00:00,12.57
01-10-1983 00:00,12.38
01-11-1983 00:00,11.98
01-12-1983 00:00,11.72
01-01-1984 00:00,11.52
01-02-1984 00:00,10.59
01-03-1984 00:00,10.31
01-04-1984 00:00,10.12
01-05-1984 00:00,9.86
01-06-1984 00:00,9.45
01-07-1984 00:00,9.26
01-08-1984 00:00,10
01-09-1984 00:00,10.03
01-10-1984 00:00,9.94
01-11-1984 00:00,10.01
01-12-1984 00:00,9.89
01-01-1985 00:00,10.36
01-02-1985 00:00,10.98
01-03-1985 00:00,10.95
01-04-1985 00:00,11.2
01-05-1985 00:00,11.65
01-06-1985 00:00,12.1
01-07-1985 00:00,12.43
01-08-1985 00:00,12.26
01-09-1985 00:00,12.09
01-10-1985 00:00,12.39
01-11-1985 00:00,13.33
01-12-1985 00:00,14.19
01-01-1986 00:00,14.28
01-02-1986 00:00,15.08
01-03-1986 00:00,16
01-04-1986 00:00,16.32
01-05-1986 00:00,16.28
01-06-1986 00:00,16.68
01-07-1986 00:00,16.28
01-08-1986 00:00,16.55
01-09-1986 00:00,16.05
01-10-1986 00:00,16.12
01-11-1986 00:00,16.78
01-12-1986 00:00,17.17
01-01-1987 00:00,18.01
01-02-1987 00:00,18.86
01-03-1987 00:00,19.37
01-04-1987 00:00,19.45
01-05-1987 00:00,19.74
01-06-1987 00:00,20.9
01-07-1987 00:00,20.81
01-08-1987 00:00,21.42
01-09-1987 00:00,20.09
01-10-1987 00:00,17.08
01-11-1987 00:00,14.45
01-12-1987 00:00,13.77
01-01-1988 00:00,14.02
01-02-1988 00:00,14.16
01-03-1988 00:00,14.29
01-04-1988 00:00,13.39
01-05-1988 00:00,12.41
01-06-1988 00:00,12.49
01-07-1988 00:00,12.22
01-08-1988 00:00,11.78
01-09-1988 00:00,11.79
01-10-1988 00:00,12.02
01-11-1988 00:00,11.57
01-12-1988 00:00,11.64
01-01-1989 00:00,11.82
01-02-1989 00:00,11.97
01-03-1989 00:00,11.73
01-04-1989 00:00,12.07
01-05-1989 00:00,12.49
01-06-1989 00:00,12.84
01-07-1989 00:00,13.43
01-08-1989 00:00,14.32
01-09-1989 00:00,14.66
01-10-1989 00:00,14.84
01-11-1989 00:00,14.7
01-12-1989 00:00,15.24
01-01-1990 00:00,15.13
01-02-1990 00:00,14.97
01-03-1990 00:00,15.62
01-04-1990 00:00,15.7
01-05-1990 00:00,16.37
01-06-1990 00:00,16.95
01-07-1990 00:00,16.81
01-08-1990 00:00,15.33
01-09-1990 00:00,14.51
01-10-1990 00:00,14.21
01-11-1990 00:00,14.68
01-12-1990 00:00,15.41
01-01-1991 00:00,15.35
01-02-1991 00:00,17.19
01-03-1991 00:00,17.78
01-04-1991 00:00,18.58
01-05-1991 00:00,18.98
01-06-1991 00:00,19.49
01-07-1991 00:00,20.14
01-08-1991 00:00,21.22
01-09-1991 00:00,21.73
01-10-1991 00:00,22.49
01-11-1991 00:00,23.27
01-12-1991 00:00,24.33
01-01-1992 00:00,25.93
01-02-1992 00:00,25.6
01-03-1992 00:00,25.16
01-04-1992 00:00,24.73
01-05-1992 00:00,24.75
01-06-1992 00:00,23.95
01-07-1992 00:00,23.88
01-08-1992 00:00,23.6
01-09-1992 00:00,23.2
01-10-1992 00:00,22.43
01-11-1992 00:00,22.56
01-12-1992 00:00,22.82
01-01-1993 00:00,22.5
01-02-1993 00:00,22.55
01-03-1993 00:00,22.69
01-04-1993 00:00,22.53
01-05-1993 00:00,22.83
01-06-1993 00:00,23.18
01-07-1993 00:00,22.72
01-08-1993 00:00,22.65
01-09-1993 00:00,22.5
01-10-1993 00:00,22.19
01-11-1993 00:00,21.63
01-12-1993 00:00,21.29
01-01-1994 00:00,21.34
01-02-1994 00:00,21.02
01-03-1994 00:00,20.42
01-04-1994 00:00,19
01-05-1994 00:00,18.5
01-06-1994 00:00,18.05
01-07-1994 00:00,17.42
01-08-1994 00:00,17.44
01-09-1994 00:00,17.09
01-10-1994 00:00,16.32
01-11-1994 00:00,15.62
01-12-1994 00:00,14.88
01-01-1995 00:00,14.89
01-02-1995 00:00,15.11
01-03-1995 00:00,15.15
01-04-1995 00:00,15.31
01-05-1995 00:00,15.5
01-06-1995 00:00,15.67
01-07-1995 00:00,16.07
01-08-1995 00:00,16.01
01-09-1995 00:00,16.45
01-10-1995 00:00,16.76
01-11-1995 00:00,17.33
01-12-1995 00:00,18.1
01-01-1996 00:00,18.08
01-02-1996 00:00,19.1
01-03-1996 00:00,19.01
01-04-1996 00:00,18.85
01-05-1996 00:00,19.1
01-06-1996 00:00,19.15
01-07-1996 00:00,18.26
01-08-1996 00:00,18.6
01-09-1996 00:00,18.75
01-10-1996 00:00,19
01-11-1996 00:00,19.45
01-12-1996 00:00,19.19
01-01-1997 00:00,19.53
01-02-1997 00:00,20.09
01-03-1997 00:00,19.69
01-04-1997 00:00,18.94
01-05-1997 00:00,20.6
01-06-1997 00:00,21.61
01-07-1997 00:00,22.8
01-08-1997 00:00,22.83
01-09-1997 00:00,23.06
01-10-1997 00:00,23.58
01-11-1997 00:00,23.46
01-12-1997 00:00,24.23
01-01-1998 00:00,24.29
01-02-1998 00:00,25.85
01-03-1998 00:00,27.23
01-04-1998 00:00,28.26
01-05-1998 00:00,28.3
01-06-1998 00:00,28.44
01-07-1998 00:00,29.9
01-08-1998 00:00,28
01-09-1998 00:00,26.8
01-10-1998 00:00,27.2
01-11-1998 00:00,30.25
01-12-1998 00:00,31.56
01-01-1999 00:00,32.92
01-02-1999 00:00,32.67
01-03-1999 00:00,33.39
01-04-1999 00:00,34
01-05-1999 00:00,33.19
01-06-1999 00:00,32.24
01-07-1999 00:00,32.88
01-08-1999 00:00,30.89
01-09-1999 00:00,29.99
01-10-1999 00:00,28.66
01-11-1999 00:00,29.74
01-12-1999 00:00,29.66
01-01-2000 00:00,29.04
01-02-2000 00:00,27.76
01-03-2000 00:00,28.31
01-04-2000 00:00,28.5
01-05-2000 00:00,27.49
01-06-2000 00:00,28.16
01-07-2000 00:00,28.05
01-08-2000 00:00,27.97
01-09-2000 00:00,27.34
01-10-2000 00:00,26.5
01-11-2000 00:00,26.9
01-12-2000 00:00,26.62
01-01-2001 00:00,27.55
01-02-2001 00:00,27.81
01-03-2001 00:00,26.1
01-04-2001 00:00,27.96
01-05-2001 00:00,32.02
01-06-2001 00:00,33.67
01-07-2001 00:00,35.46
01-08-2001 00:00,37.85
01-09-2001 00:00,36.9
01-10-2001 00:00,39.72
01-11-2001 00:00,43.62
01-12-2001 00:00,46.37
01-01-2002 00:00,46.17
01-02-2002 00:00,44.57
01-03-2002 00:00,46.71
01-04-2002 00:00,43.81
01-05-2002 00:00,41.41
01-06-2002 00:00,37.92
01-07-2002 00:00,32.46
01-08-2002 00:00,31.53
01-09-2002 00:00,28.89
01-10-2002 00:00,29.24
01-11-2002 00:00,32.03
01-12-2002 00:00,32.59
01-01-2003 00:00,31.43
01-02-2003 00:00,28.46
01-03-2003 00:00,27.92
01-04-2003 00:00,28.05
01-05-2003 00:00,28.24
01-06-2003 00:00,28.6
01-07-2003 00:00,27.65
01-08-2003 00:00,26.57
01-09-2003 00:00,26.42
01-10-2003 00:00,24.75
01-11-2003 00:00,23.15
01-12-2003 00:00,22.17
01-01-2004 00:00,22.73
01-02-2004 00:00,22.46
01-03-2004 00:00,21.61
01-04-2004 00:00,21.23
01-05-2004 00:00,20.14
01-06-2004 00:00,20.17
01-07-2004 00:00,19.51
01-08-2004 00:00,19.03
01-09-2004 00:00,19.35
01-10-2004 00:00,19.25
01-11-2004 00:00,20.05
01-12-2004 00:00,20.48
01-01-2005 00:00,19.99
01-02-2005 00:00,20.11
01-03-2005 00:00,19.84
01-04-2005 00:00,19.02
01-05-2005 00:00,18.93
01-06-2005 00:00,19
01-07-2005 00:00,19
01-08-2005 00:00,18.72
01-09-2005 00:00,18.44
01-10-2005 00:00,17.64
01-11-2005 00:00,18.01
01-12-2005 00:00,18.07
01-01-2006 00:00,18.07
01-02-2006 00:00,17.8
01-03-2006 00:00,17.8
01-04-2006 00:00,17.77
01-05-2006 00:00,17.46
01-06-2006 00:00,16.82
01-07-2006 00:00,16.61
01-08-2006 00:00,16.67
01-09-2006 00:00,16.77
01-10-2006 00:00,17.14
01-11-2006 00:00,17.24
01-12-2006 00:00,17.38
01-01-2007 00:00,17.36
01-02-2007 00:00,17.49
01-03-2007 00:00,16.92
01-04-2007 00:00,17.48
01-05-2007 00:00,17.92
01-06-2007 00:00,17.83
01-07-2007 00:00,18.36
01-08-2007 00:00,18.02
01-09-2007 00:00,19.05
01-10-2007 00:00,20.68
01-11-2007 00:00,20.81
01-12-2007 00:00,22.35
01-01-2008 00:00,21.46
01-02-2008 00:00,21.74
01-03-2008 00:00,21.81
01-04-2008 00:00,23.88
01-05-2008 00:00,25.81
01-06-2008 00:00,26.11
01-07-2008 00:00,25.37
01-08-2008 00:00,26.83
01-09-2008 00:00,26.48
01-10-2008 00:00,27.22
01-11-2008 00:00,34.99
01-12-2008 00:00,58.98
01-01-2009 00:00,70.91
01-02-2009 00:00,84.46
01-03-2009 00:00,110.37
01-04-2009 00:00,119.85
01-05-2009 00:00,123.73
01-06-2009 00:00,123.32
01-07-2009 00:00,101.87
01-08-2009 00:00,92.95
01-09-2009 00:00,83.3
01-10-2009 00:00,42.12
01-11-2009 00:00,28.51
01-12-2009 00:00,21.78
01-01-2010 00:00,20.7
01-02-2010 00:00,18.91
01-03-2010 00:00,18.91
01-04-2010 00:00,19.01
01-05-2010 00:00,17.3
01-06-2010 00:00,16.15
01-07-2010 00:00,15.72
01-08-2010 00:00,15.47
01-09-2010 00:00,15.61
01-10-2010 00:00,15.9
01-11-2010 00:00,15.88
01-12-2010 00:00,16.05
01-01-2011 00:00,16.3
01-02-2011 00:00,16.52
01-03-2011 00:00,16.04
01-04-2011 00:00,16.21
01-05-2011 00:00,16.12
01-06-2011 00:00,15.35
01-07-2011 00:00,15.61
01-08-2011 00:00,13.79
01-09-2011 00:00,13.5
01-10-2011 00:00,13.88
01-11-2011 00:00,14.1
01-12-2011 00:00,14.3
01-01-2012 00:00,14.87
01-02-2012 00:00,15.37
01-03-2012 00:00,15.69
01-04-2012 00:00,15.7
01-05-2012 00:00,15.22
01-06-2012 00:00,15.05
01-07-2012 00:00,15.55
01-08-2012 00:00,16.14
01-09-2012 00:00,16.69
01-10-2012 00:00,16.62
01-11-2012 00:00,16.12
01-12-2012 00:00,16.44
01-01-2013 00:00,17.03
01-02-2013 00:00,17.32
01-03-2013 00:00,17.68
01-04-2013 00:00,17.69
01-05-2013 00:00,18.25
01-06-2013 00:00,17.8
01-07-2013 00:00,18.12
01-08-2013 00:00,17.91
01-09-2013 00:00,17.88
01-10-2013 00:00,17.86
01-11-2013 00:00,18.15
01-12-2013 00:00,18.04
01-01-2014 00:00,18.15
01-02-2014 00:00,18.06
01-03-2014 00:00,18.48
01-04-2014 00:00,18.35
01-05-2014 00:00,18.46
01-06-2014 00:00,18.88
01-07-2014 00:00,18.96
01-08-2014 00:00,18.68
01-09-2014 00:00,18.81
01-10-2014 00:00,18.5
01-11-2014 00:00,19.75
01-12-2014 00:00,20.08
01-01-2015 00:00,20.02
01-02-2015 00:00,20.77
01-03-2015 00:00,20.96
01-04-2015 00:00,21.42
01-05-2015 00:00,21.92
01-06-2015 00:00,22.12
01-07-2015 00:00,22.4
01-08-2015 00:00,22.15
01-09-2015 00:00,21.45
01-10-2015 00:00,22.68
01-11-2015 00:00,23.67
01-12-2015 00:00,23.74
01-01-2016 00:00,22.18
01-02-2016 00:00,22.02
01-03-2016 00:00,23.39
01-04-2016 00:00,23.97
01-05-2016 00:00,23.81
01-06-2016 00:00,23.97
01-07-2016 00:00,24.52
01-08-2016 00:00,24.57
01-09-2016 00:00,24.22
01-10-2016 00:00,23.57
01-11-2016 00:00,23.35
01-12-2016 00:00,23.76
01-01-2017 00:00,23.59
01-02-2017 00:00,23.68
01-03-2017 00:00,23.6
01-04-2017 00:00,23.24
01-05-2017 00:00,23.31
01-06-2017 00:00,23.4
01-07-2017 00:00,23.36
01-08-2017 00:00,23.16
01-09-2017 00:00,23.28
01-10-2017 00:00,23.67
01-11-2017 00:00,23.81
01-12-2017 00:00,24.25
01-01-2018 00:00,24.97
01-02-2018 00:00,23.82
01-03-2018 00:00,23.41
01-04-2018 00:00,22.53
01-05-2018 00:00,22.49
01-06-2018 00:00,22.49
01-07-2018 00:00,22.33
01-08-2018 00:00,22.37
01-09-2018 00:00,22.25
01-10-2018 00:00,21.25
01-11-2018 00:00,20.67
01-12-2018 00:00,19.39
01-01-2019 00:00,19.6
01-02-2019 00:00,20.6
01-03-2019 00:00,20.86
01-04-2019 00:00,21.56
01-05-2019 00:00,21.15
31-05-2019 00:00,20.43
01-06-2019 00:00,21.37
01-07-2019 00:00,22.28
01-08-2019 00:00,21.67
01-09-2019 00:00,22.44
01-10-2019 00:00,22.04
01-11-2019 00:00,22.62
01-12-2019 00:00,22.78
31-12-2019 00:00,24.21
01-01-2020 00:00,24.88
31-01-2020 00:00,24.27
01-02-2020 00:00,26.42
28-02-2020 00:00,22.23
01-03-2020 00:00,22.8
31-03-2020 00:00,19.45
01-04-2020 00:00,24.97
30-04-2020 00:00,20.88
01-05-2020 00:00,27.82
01-06-2020 00:00,31.29
30-06-2020 00:00,22.23
01-07-2020 00:00,32.44
31-07-2020 00:00,28.12
01-08-2020 00:00,34.41
31-08-2020 00:00,30.09
01-09-2020 00:00,34.27
30-09-2020 00:00,28.91
01-10-2020 00:00,35.3
01-11-2020 00:00,37.16
30-11-2020 00:00,36.66
01-12-2020 00:00,39.26
31-12-2020 00:00,37.85
01-01-2021 00:00,35.96
01-02-2021 00:00,33.24
01-03-2021 00:00,30.5
31-03-2021 00:00,40.45
01-04-2021 00:00,29.92
30-04-2021 00:00,42.57
01-05-2021 00:00,28.05
01-06-2021 00:00,26.7
30-06-2021 00:00,45.65
01-07-2021 00:00,26.56
01-08-2021 00:00,26.23
31-08-2021 00:00,35.28
01-09-2021 00:00,25.35
30-09-2021 00:00,33.6
01-10-2021 00:00,25.44
01-11-2021 00:00,26.61
30-11-2021 00:00,28.77
01-12-2021 00:00,26.66
31-12-2021 00:00,30.02
01-01-2022 00:00,26.08
31-01-2022 00:00,25.75
01-02-2022 00:00,26.16
28-02-2022 00:00,24.94
01-03-2022 00:00,24.56
